BEGIN TRANSACTION;
INSERT INTO "Usuarios" ("id","username","nombre","rol","password","email") VALUES (35,'admin','Admin','A','$2b$10$kW/tKxiGqS5TGpJ69Au8oO79mzr.Uygp2nhfh9A.ssnQv25N/aFta','admin@gmail.com');
INSERT INTO "Usuarios" ("id","username","nombre","rol","password","email") VALUES (78,'user','usuario1','U','$2b$10$WZGEx8RKjRXkiwTCd9NY/.tNf7Nk/4vUOFT.NBgjUaH7yQe1k2zJm','user1@gmail.com');
INSERT INTO "Usuarios" ("id","username","nombre","rol","password","email") VALUES (79,'user2','usuario2','U','$2b$10$yH6m3djhKGEy3ql23wudgu3hi7t6J/m6y/Q688VyhTEoI/DBZDyaC','user2@gmail.com');
INSERT INTO "UsuariosCartas" ("usuario","carta_id") VALUES ('usuario1',143);
INSERT INTO "UsuariosCartas" ("usuario","carta_id") VALUES ('usuario1',144);
INSERT INTO "UsuariosCartas" ("usuario","carta_id") VALUES ('usuario1',145);
INSERT INTO "UsuariosCartas" ("usuario","carta_id") VALUES ('usuario1',146);
INSERT INTO "UsuariosCartas" ("usuario","carta_id") VALUES ('usuario1',147);
INSERT INTO "UsuariosCartas" ("usuario","carta_id") VALUES ('usuario1',148);
INSERT INTO "UsuariosCartas" ("usuario","carta_id") VALUES ('usuario1',149);
INSERT INTO "UsuariosCartas" ("usuario","carta_id") VALUES ('usuario1',150);
INSERT INTO "UsuariosCartas" ("usuario","carta_id") VALUES ('usuario1',151);
INSERT INTO "UsuariosCartas" ("usuario","carta_id") VALUES ('usuario1',152);
INSERT INTO "UsuariosCartas" ("usuario","carta_id") VALUES ('usuario2',153);
INSERT INTO "UsuariosCartas" ("usuario","carta_id") VALUES ('usuario2',154);
INSERT INTO "UsuariosCartas" ("usuario","carta_id") VALUES ('usuario2',155);
INSERT INTO "UsuariosCartas" ("usuario","carta_id") VALUES ('usuario2',156);
INSERT INTO "UsuariosCartas" ("usuario","carta_id") VALUES ('usuario2',157);
INSERT INTO "UsuariosCartas" ("usuario","carta_id") VALUES ('usuario2',158);
INSERT INTO "UsuariosCartas" ("usuario","carta_id") VALUES ('usuario2',159);
INSERT INTO "UsuariosCartas" ("usuario","carta_id") VALUES ('usuario2',160);
INSERT INTO "UsuariosCartas" ("usuario","carta_id") VALUES ('usuario2',161);
INSERT INTO "UsuariosCartas" ("usuario","carta_id") VALUES ('usuario2',162);
INSERT INTO "cartas" ("id","nombre","coleccion","rareza","vida","creador","Imagen") VALUES (143,'Sprigatito',1,1,70,'usuario1','/img/ba9a941a-d038-45aa-8811-bf16d5419fc5.png');
INSERT INTO "cartas" ("id","nombre","coleccion","rareza","vida","creador","Imagen") VALUES (144,'Meowscarada ex',1,3,310,'usuario1','/img/6cf6771c-49d1-43f3-aea2-7329f7ffd05c.png');
INSERT INTO "cartas" ("id","nombre","coleccion","rareza","vida","creador","Imagen") VALUES (145,'Bulbasaur',1,2,70,'usuario1','/img/15c06add-5c14-4fd8-9342-2b9121c61e0e.png');
INSERT INTO "cartas" ("id","nombre","coleccion","rareza","vida","creador","Imagen") VALUES (146,'Floragato',1,4,90,'usuario1','/img/36d2f16a-50d3-4f81-887c-a9f78b930b2e.png');
INSERT INTO "cartas" ("id","nombre","coleccion","rareza","vida","creador","Imagen") VALUES (147,'Ferroverdor ex',1,4,220,'usuario1','/img/0ce1e9b0-f075-4990-8e5f-ffc86b8cebd8.png');
INSERT INTO "cartas" ("id","nombre","coleccion","rareza","vida","creador","Imagen") VALUES (148,'Pineco',1,2,70,'usuario1','/img/51971354-646d-4757-a0d4-1a2ece817d51.png');
INSERT INTO "cartas" ("id","nombre","coleccion","rareza","vida","creador","Imagen") VALUES (149,'Thwackey',1,1,100,'usuario1','/img/7135cda6-e35b-40d3-8639-993ce8c1785d.png');
INSERT INTO "cartas" ("id","nombre","coleccion","rareza","vida","creador","Imagen") VALUES (150,'Ledian',1,1,90,'usuario1','/img/51db9eec-1d1a-4e85-a302-706996ecaa4b.png');
INSERT INTO "cartas" ("id","nombre","coleccion","rareza","vida","creador","Imagen") VALUES (151,'Genesect',1,2,110,'usuario1','/img/36b7ed58-dba9-4f18-a2aa-bf29b24756ad.png');
INSERT INTO "cartas" ("id","nombre","coleccion","rareza","vida","creador","Imagen") VALUES (152,'Tapu Bulu-GX',1,4,180,'usuario1','/img/d75f4cf7-7bfa-4583-9fd2-2892c0836476.png');
INSERT INTO "cartas" ("id","nombre","coleccion","rareza","vida","creador","Imagen") VALUES (153,'Fuecoco',1,1,80,'usuario2','/img/e1a09e3a-5df8-4a76-a039-7e8aa9733a7a.png');
INSERT INTO "cartas" ("id","nombre","coleccion","rareza","vida","creador","Imagen") VALUES (154,'Arcanine',1,2,130,'usuario2','/img/103bdaa1-8d71-4ceb-aa6e-70dfcf666883.png');
INSERT INTO "cartas" ("id","nombre","coleccion","rareza","vida","creador","Imagen") VALUES (155,'Skeledirge ex',1,4,340,'usuario2','/img/8ffcc277-eb3a-47aa-9630-b3512a1df0df.png');
INSERT INTO "cartas" ("id","nombre","coleccion","rareza","vida","creador","Imagen") VALUES (156,'Charmander',1,3,70,'usuario2','/img/3b32ee51-3f7b-4042-83bb-071a46a783a0.png');
INSERT INTO "cartas" ("id","nombre","coleccion","rareza","vida","creador","Imagen") VALUES (157,'Chi-Yu',1,1,110,'usuario2','/img/059403a9-86f8-4473-a138-2b2a9b3fac9a.png');
INSERT INTO "cartas" ("id","nombre","coleccion","rareza","vida","creador","Imagen") VALUES (158,'Armarouge ex',1,4,260,'usuario2','/img/34613b1c-0ab8-4ddc-816b-95dea6ea7750.png');
INSERT INTO "cartas" ("id","nombre","coleccion","rareza","vida","creador","Imagen") VALUES (159,'Infernape',1,3,140,'usuario2','/img/e143b842-5ed7-4636-8f10-3a3e46ac8dee.png');
INSERT INTO "cartas" ("id","nombre","coleccion","rareza","vida","creador","Imagen") VALUES (160,'Victini ex',1,3,190,'usuario2','/img/07e9e39f-661a-4d1f-80f9-4ebc990e7f6e.png');
INSERT INTO "cartas" ("id","nombre","coleccion","rareza","vida","creador","Imagen") VALUES (161,'Tepig',1,1,60,'usuario2','/img/1432d56e-bd92-4e14-b5bb-fa26fcc8c666.png');
INSERT INTO "cartas" ("id","nombre","coleccion","rareza","vida","creador","Imagen") VALUES (162,'Darumaka',1,2,60,'usuario2','/img/05e4c54a-63dc-4123-a930-756e91e9eeb7.png');
INSERT INTO "cartas" ("id","nombre","coleccion","rareza","vida","creador","Imagen") VALUES (163,'Quaxly',0,1,70,NULL,'/img/15a9d573-3e80-482f-b382-b18bfbbeb460.png');
INSERT INTO "cartas" ("id","nombre","coleccion","rareza","vida","creador","Imagen") VALUES (164,'Quaquaval',0,3,170,NULL,'/img/ce47dbf9-3284-4291-b5e2-348dfb335290.png');
INSERT INTO "cartas" ("id","nombre","coleccion","rareza","vida","creador","Imagen") VALUES (165,'Dondozo',0,2,150,NULL,'/img/83b0f464-b2c5-4919-b352-cca22f73fbe4.png');
INSERT INTO "cartas" ("id","nombre","coleccion","rareza","vida","creador","Imagen") VALUES (166,'Chien-Pao ex',0,4,220,NULL,'/img/34961da2-5fbf-446d-929d-24f42760afc2.png');
INSERT INTO "cartas" ("id","nombre","coleccion","rareza","vida","creador","Imagen") VALUES (167,'Quaquaval ex',0,4,320,NULL,'/img/52315181-26f5-4ac4-a1bf-98a2daecd9f6.png');
INSERT INTO "cartas" ("id","nombre","coleccion","rareza","vida","creador","Imagen") VALUES (168,'Arctibax',0,1,90,NULL,'/img/5661867d-68ba-412b-8893-8a3d275a5948.png');
INSERT INTO "cartas" ("id","nombre","coleccion","rareza","vida","creador","Imagen") VALUES (169,'Ferrosaco',0,4,100,NULL,'/img/80d039d4-4043-4ca4-9c7d-8a67a925363d.png');
INSERT INTO "cartas" ("id","nombre","coleccion","rareza","vida","creador","Imagen") VALUES (170,'Froslass',0,1,90,NULL,'/img/81e3d5ff-d7e6-4c2b-828e-c042d2dedbfc.png');
INSERT INTO "cartas" ("id","nombre","coleccion","rareza","vida","creador","Imagen") VALUES (171,'Palafin ex',0,3,340,NULL,'/img/280d6b5d-53e3-4f44-ad76-0565b93a65c6.png');
INSERT INTO "cartas" ("id","nombre","coleccion","rareza","vida","creador","Imagen") VALUES (172,'Oshawott',0,1,60,NULL,'/img/9138a80d-4e67-4fad-8f5d-429fc1de15bf.png');
COMMIT;
