BEGIN TRANSACTION;
INSERT INTO "Usuarios" ("id","username","nombre","rol","password","email") VALUES (35,'admin','Admin','A','$2b$10$kW/tKxiGqS5TGpJ69Au8oO79mzr.Uygp2nhfh9A.ssnQv25N/aFta','admin@gmail.com');
INSERT INTO "Usuarios" ("id","username","nombre","rol","password","email") VALUES (64,'user','usuario','U','$2b$10$xHa50J22FMIShcYf3dwsou4JxPN5j/IRPBUTb8WelU1ZDA6eKYN9m','yuriy@gmail.com');
INSERT INTO "Usuarios" ("id","username","nombre","rol","password","email") VALUES (65,'user2','usuario2','U','$2b$10$U3hD/H736as/YWLl2qmlXOmEgVxbnSu1tbRT1e8/XX3Kr34bn0ii.','yuriy2@gmail.com');
INSERT INTO "UsuariosCartas" ("usuario","carta_id") VALUES ('usuario',78);
INSERT INTO "UsuariosCartas" ("usuario","carta_id") VALUES ('usuario',79);
INSERT INTO "UsuariosCartas" ("usuario","carta_id") VALUES ('usuario',80);
INSERT INTO "UsuariosCartas" ("usuario","carta_id") VALUES ('usuario',81);
INSERT INTO "UsuariosCartas" ("usuario","carta_id") VALUES ('usuario',82);
INSERT INTO "UsuariosCartas" ("usuario","carta_id") VALUES ('usuario',83);
INSERT INTO "UsuariosCartas" ("usuario","carta_id") VALUES ('usuario',84);
INSERT INTO "UsuariosCartas" ("usuario","carta_id") VALUES ('usuario',85);
INSERT INTO "UsuariosCartas" ("usuario","carta_id") VALUES ('usuario',86);
INSERT INTO "UsuariosCartas" ("usuario","carta_id") VALUES ('usuario',87);
INSERT INTO "UsuariosCartas" ("usuario","carta_id") VALUES ('usuario2',88);
INSERT INTO "UsuariosCartas" ("usuario","carta_id") VALUES ('usuario2',89);
INSERT INTO "UsuariosCartas" ("usuario","carta_id") VALUES ('usuario2',90);
INSERT INTO "UsuariosCartas" ("usuario","carta_id") VALUES ('usuario2',91);
INSERT INTO "UsuariosCartas" ("usuario","carta_id") VALUES ('usuario2',92);
INSERT INTO "UsuariosCartas" ("usuario","carta_id") VALUES ('usuario2',93);
INSERT INTO "UsuariosCartas" ("usuario","carta_id") VALUES ('usuario2',94);
INSERT INTO "UsuariosCartas" ("usuario","carta_id") VALUES ('usuario2',95);
INSERT INTO "UsuariosCartas" ("usuario","carta_id") VALUES ('usuario2',96);
INSERT INTO "UsuariosCartas" ("usuario","carta_id") VALUES ('usuario2',97);
INSERT INTO "cartas" ("id","nombre","coleccion","rareza","vida","creador","Imagen") VALUES (67,'Pelipper',0,1,120,NULL,'/img/7832fce8-f340-41e1-8d14-e1ed2fe4bc57.png');
INSERT INTO "cartas" ("id","nombre","coleccion","rareza","vida","creador","Imagen") VALUES (68,'Eevee',0,1,60,NULL,'/img/786f00db-9559-4d41-9795-771c14ca52ab.png');
INSERT INTO "cartas" ("id","nombre","coleccion","rareza","vida","creador","Imagen") VALUES (69,'Cyclizar',0,1,120,NULL,'/img/f3206c54-b297-4ea8-9d78-d354c44531e4.png');
INSERT INTO "cartas" ("id","nombre","coleccion","rareza","vida","creador","Imagen") VALUES (70,'Shroodle',0,1,50,NULL,'/img/dab240b8-0f86-4649-8b32-a4047a74167a.png');
INSERT INTO "cartas" ("id","nombre","coleccion","rareza","vida","creador","Imagen") VALUES (71,'Snorlax',0,1,160,NULL,'/img/1c818622-16e5-4288-abf8-34ff5a0f7f54.png');
INSERT INTO "cartas" ("id","nombre","coleccion","rareza","vida","creador","Imagen") VALUES (72,'Porygon2',0,1,90,NULL,'/img/bba79595-12ca-432e-aa2a-5206c62b9eaa.png');
INSERT INTO "cartas" ("id","nombre","coleccion","rareza","vida","creador","Imagen") VALUES (73,'Bouffalant',0,1,100,NULL,'/img/32296a61-a456-48d1-bef2-f34a6fee89fb.png');
INSERT INTO "cartas" ("id","nombre","coleccion","rareza","vida","creador","Imagen") VALUES (74,'Grafaiai ex',0,2,250,NULL,'/img/ca1f8295-3203-4b6f-adfb-ace8538664ad.png');
INSERT INTO "cartas" ("id","nombre","coleccion","rareza","vida","creador","Imagen") VALUES (75,'Kangaskhan ex',0,4,230,NULL,'/img/492ef0cd-a0a8-48a0-b9f2-5b0680f44586.png');
INSERT INTO "cartas" ("id","nombre","coleccion","rareza","vida","creador","Imagen") VALUES (76,'Cyclizar ex',0,4,210,NULL,'/img/e2bfaee3-8a3d-45e0-ba78-a9ca07f6e651.png');
INSERT INTO "cartas" ("id","nombre","coleccion","rareza","vida","creador","Imagen") VALUES (78,'Sprigatito',1,2,70,'usuario','/img/af8b3765-595a-4b27-a9a8-c69c6dd42a0d.png');
INSERT INTO "cartas" ("id","nombre","coleccion","rareza","vida","creador","Imagen") VALUES (79,'Spidops',1,3,120,'usuario','/img/da8e73cd-bf91-4b12-9306-f9ed2d0de175.png');
INSERT INTO "cartas" ("id","nombre","coleccion","rareza","vida","creador","Imagen") VALUES (80,'Smoliv',1,4,60,'usuario','/img/25d3ad14-bf86-452d-b37f-fc91d953ea56.png');
INSERT INTO "cartas" ("id","nombre","coleccion","rareza","vida","creador","Imagen") VALUES (81,'Meowscarada ex',1,4,310,'usuario','/img/8ede9f19-9978-4305-bbef-9689a271f4bf.png');
INSERT INTO "cartas" ("id","nombre","coleccion","rareza","vida","creador","Imagen") VALUES (82,'Bulbasaur',1,1,70,'usuario','/img/1e966e36-55e0-416d-b4dc-9085cf26a294.png');
INSERT INTO "cartas" ("id","nombre","coleccion","rareza","vida","creador","Imagen") VALUES (83,'Pineco',1,1,70,'usuario','/img/d4c3c3da-e9db-4b29-a336-51856f7c00a4.png');
INSERT INTO "cartas" ("id","nombre","coleccion","rareza","vida","creador","Imagen") VALUES (84,'Floragato',1,2,90,'usuario','/img/d674fe7f-ae97-4dd1-b580-34ae9cb0ba45.png');
INSERT INTO "cartas" ("id","nombre","coleccion","rareza","vida","creador","Imagen") VALUES (85,'Thwackey',1,2,100,'usuario','/img/84984f5a-dbcf-4c2d-8e46-4c64a9f875a1.png');
INSERT INTO "cartas" ("id","nombre","coleccion","rareza","vida","creador","Imagen") VALUES (86,'Iron Leaves ex',1,4,220,'usuario','/img/0ad2e3e1-a9ba-444b-955f-466d2b2850a3.png');
INSERT INTO "cartas" ("id","nombre","coleccion","rareza","vida","creador","Imagen") VALUES (87,'Genesect',1,3,100,'usuario','/img/517e6fb2-306b-414a-b1be-b514af35fbdb.png');
INSERT INTO "cartas" ("id","nombre","coleccion","rareza","vida","creador","Imagen") VALUES (88,'Fuecoco',1,1,80,'usuario2','/img/0afb3351-e1a2-41fa-88e0-14649a34a52b.png');
INSERT INTO "cartas" ("id","nombre","coleccion","rareza","vida","creador","Imagen") VALUES (89,'Arcanine',1,2,130,'usuario2','/img/ec95951e-0bfd-461e-b1c6-6c50010d5df1.png');
INSERT INTO "cartas" ("id","nombre","coleccion","rareza","vida","creador","Imagen") VALUES (90,'Charmander',1,3,70,'usuario2','/img/39482272-d4ea-409d-90a0-e44799ab6817.png');
INSERT INTO "cartas" ("id","nombre","coleccion","rareza","vida","creador","Imagen") VALUES (91,'Chi-Yu',1,4,110,'usuario2','/img/0600c93e-c0b2-4653-8ec4-25729a2d2fae.png');
INSERT INTO "cartas" ("id","nombre","coleccion","rareza","vida","creador","Imagen") VALUES (92,'Crocalor',1,3,110,'usuario2','/img/76af0b8e-5dbb-44ec-b14b-641f3230c988.png');
INSERT INTO "cartas" ("id","nombre","coleccion","rareza","vida","creador","Imagen") VALUES (93,'Skeledirge ex',1,4,340,'usuario2','/img/217d1b63-f9d6-465d-9f6a-ce0910d90727.png');
INSERT INTO "cartas" ("id","nombre","coleccion","rareza","vida","creador","Imagen") VALUES (94,'Victini ex',1,4,190,'usuario2','/img/b5f7531f-25c3-46e9-8757-8edaad746632.png');
INSERT INTO "cartas" ("id","nombre","coleccion","rareza","vida","creador","Imagen") VALUES (95,'Emboar',1,3,150,'usuario2','/img/994cd633-0f76-4b84-9e8f-86fcea123871.png');
INSERT INTO "cartas" ("id","nombre","coleccion","rareza","vida","creador","Imagen") VALUES (96,'Victini',1,1,60,'usuario2','/img/f8065df4-a736-4af4-a99b-3b549e72c44e.png');
INSERT INTO "cartas" ("id","nombre","coleccion","rareza","vida","creador","Imagen") VALUES (97,'Entei',1,1,80,'usuario2','/img/a51259db-c7e7-4dc0-ad59-39eae5f6b72e.png');
COMMIT;
